url_path,views_total,views_unique
/ThiHarper/GrappleGraph,23,4
/ThiHarper/GrappleGraph/actions/workflows/traffic.yml,8,1
/ThiHarper/GrappleGraph/actions/runs/23388516360,7,1
/ThiHarper/GrappleGraph/actions,4,1
/ThiHarper/GrappleGraph/actions/runs/23388516360/workflow,4,1
/ThiHarper/GrappleGraph/blob/main/README.md,3,1
/ThiHarper/GrappleGraph/tree/github-repo-stats/ThiHarper/GrappleGraph,3,1
/ThiHarper/GrappleGraph/actions/workflows/deploy.yml,2,1
/ThiHarper/GrappleGraph/blob/main/.github/workflows/traffic.yml,2,1
/ThiHarper/GrappleGraph/commit/e71cdbb25a50cb6f4346f6d74beca922302f8bb7,2,1
